Step,Energy,Divergence
0,-9.259225610625935e-10,7.273036355359796
1,-1.859643094684567e-09,13.927165038315911
2,-2.785233991093626e-09,12.346058381509613
3,-3.7027685274091122e-09,8.713146738612512
4,-4.632902896008443e-09,8.531022656770265
5,-5.549438874273191e-09,8.695153365157346
6,-6.501620708939535e-09,10.399728702850322
7,-7.468950144862018e-09,11.45095745221668
8,-8.420233448624355e-09,11.23276176785935
9,-9.341837083384735e-09,8.599602416856476
10,-1.0292111869256484e-08,9.526828647300599
11,-1.1269925069480095e-08,8.695906983219404
12,-1.224265468602833e-08,11.025400713327496
13,-1.3185302818445581e-08,12.480924300134236
14,-1.4115930651698067e-08,8.225503711755602
15,-1.5036971414492153e-08,7.861517181386142
16,-1.5980631915358384e-08,10.487360091244188
17,-1.6953855699515804e-08,9.67910417168607
18,-1.7904932137828283e-08,10.486906525327283
19,-1.8811924038458395e-08,10.537974326779883
20,-1.970960845997371e-08,11.267833224500551
21,-2.062064426749383e-08,9.410598219755668
22,-2.1584649508488686e-08,7.553476408540542
23,-2.2569155283881664e-08,10.020018739218434
24,-2.353708292023252e-08,10.697866770491155
25,-2.4485175354062333e-08,9.76929429888377
26,-2.5476558802067768e-08,11.165621698784914
27,-2.6489003959787476e-08,10.268938003560736
28,-2.747100850340844e-08,8.630898150527152
29,-2.8448585685146186e-08,9.562784696979548
30,-2.9403753572455833e-08,8.418413359169667
31,-3.033087622610209e-08,10.85099466695551
32,-3.127739641512046e-08,12.021014969091004
33,-3.227130672948363e-08,8.90331058424987
34,-3.3251142280264e-08,7.869771944326145
35,-3.420323267793759e-08,9.324302208872014
36,-3.5139342963130126e-08,10.561577287140247
37,-3.611075577135552e-08,11.386525738393058
38,-3.7109057318630554e-08,10.297579603771599
39,-3.812542361104659e-08,9.517286905917981
40,-3.913313010921554e-08,6.017000914821777
41,-4.014074341223827e-08,8.210358538133812
42,-4.117086376447927e-08,13.196883915693725
43,-4.220845156047923e-08,12.839028993813427
44,-4.321862160265628e-08,6.4121365218203685
45,-4.424374331992886e-08,5.9547178631803215
46,-4.525102823769783e-08,8.223940804328773
47,-4.6249792231969654e-08,11.727460712219706
48,-4.72514769282103e-08,13.18304409883882
49,-4.8264917703547325e-08,9.020808634878174
50,-4.925208470221638e-08,6.330656740400647
51,-5.025106483656436e-08,9.540670851226796
52,-5.126117143553688e-08,8.818839019853856
53,-5.226858840863761e-08,11.430970166217485
54,-5.3282524348624714e-08,11.392956799034662
55,-5.4299858074872006e-08,8.648020972673551
56,-5.532306436381487e-08,7.064462519878098
57,-5.6381089690512296e-08,7.98917890877219
58,-5.747042770691597e-08,12.120246740010769
59,-5.851725941648265e-08,10.821433496556894
60,-5.9546834282933135e-08,7.176670363781142
61,-6.057958909623273e-08,9.65382551102643
62,-6.163252245310288e-08,9.892807437275879
63,-6.269745818629251e-08,7.9052003070138
64,-6.376903952108195e-08,10.110083979626461
65,-6.480754140778721e-08,10.29712189696896
66,-6.583080278282766e-08,10.149578440427936
67,-6.689364991207854e-08,9.510471690805124
68,-6.800735581314138e-08,7.425713354453876
69,-6.910241957674271e-08,9.513632215372818
70,-7.017976847915708e-08,11.608880852908044
71,-7.123460265191892e-08,9.057716473049505
72,-7.2304868857579e-08,9.38132706144776
73,-7.337898161920162e-08,9.121628496445448
74,-7.449439681374229e-08,10.051799023165067
75,-7.55905520657445e-08,8.131765396970968
76,-7.666205317898768e-08,7.0789762722227225
77,-7.772259942795687e-08,12.143004386178312
78,-7.88067124725294e-08,10.718959928954966
79,-7.99076099766797e-08,6.610426878297424
80,-8.102221529513458e-08,8.670263132134663
81,-8.209308339058885e-08,8.298023315588278
82,-8.314896424267342e-08,8.974184682965904
83,-8.423584376141667e-08,11.71530495573578
84,-8.537614163272967e-08,9.872139491502645
85,-8.649953552913913e-08,8.151708661350204
86,-8.762718178089887e-08,6.8397315218833725
87,-8.874100596762742e-08,7.880187558427134
88,-8.985879053926017e-08,11.490774369763706
89,-9.097066541575854e-08,11.79774635767901
90,-9.209956421933605e-08,8.22651769128608
91,-9.322077048695698e-08,5.8918871091017095
92,-9.433559837005287e-08,6.8016463219502885
93,-9.545402551678605e-08,12.161320316315491
94,-9.658472139992185e-08,11.324466898030847
95,-9.770776686363194e-08,8.461906186958991
96,-9.88228786168701e-08,7.515225226390796
97,-9.993527385241326e-08,6.0522521055361835
98,-1.0107258888035453e-07,7.952427994101576
99,-1.0222693096612147e-07,12.762016367584094
100,-1.0338822983342266e-07,11.357101095703438
101,-1.0453508754995962e-07,5.686042907872673
102,-1.057025128216801e-07,6.365579733838837
103,-1.0689539416146594e-07,8.855365682769257
104,-1.0807175100205555e-07,10.495589748152558
105,-1.0923946811018135e-07,10.396413960736073
106,-1.1038954633663443e-07,8.035161239532657
107,-1.1153466661748565e-07,8.535829496814305
108,-1.1270514791968893e-07,9.429752762599556
109,-1.1392596168372718e-07,8.182217155558272
110,-1.1514570560390619e-07,9.599399951509051
111,-1.1632322664622661e-07,9.483397490846412
112,-1.1749486033224218e-07,10.272044861213542
113,-1.1868242063851009e-07,7.478851667916704
114,-1.1988821515607554e-07,6.916254271807189
115,-1.2112425052914887e-07,10.629299541121934
116,-1.2233184454098976e-07,10.779776543862438
117,-1.235284972053235e-07,7.211916496741458
118,-1.2475099281383484e-07,9.250465771616815
119,-1.2601047618587244e-07,9.544052142097732
120,-1.2725929623701374e-07,7.5586815453189065
121,-1.2848051796995288e-07,8.16532275571037
122,-1.2967746959145157e-07,9.538826844129035
123,-1.3085719439034874e-07,10.233942798839292
124,-1.3205811863687238e-07,9.995986450618085
125,-1.3331501982474184e-07,7.035393340228996
126,-1.3457640330283874e-07,7.833735528276011
127,-1.358163625275603e-07,9.114662960323328
128,-1.370415547664877e-07,9.088526809028533
129,-1.3828615436394155e-07,10.021618052960216
130,-1.395257870519636e-07,9.263928757017318
131,-1.4078247881391458e-07,9.258114492124427
132,-1.4202151305406914e-07,6.744990221398341
133,-1.432453087731138e-07,6.030355113333738
134,-1.4447154626170498e-07,11.547213647965648
135,-1.4572575372607605e-07,11.814670844381496
136,-1.4698549440366947e-07,5.41455987114998
137,-1.482346125959444e-07,6.530209993435394
138,-1.4945795742650308e-07,7.893056652092152
139,-1.506691016797239e-07,10.195174850530858
140,-1.519011179819405e-07,11.213041634588665
141,-1.5316564189679164e-07,9.631653382384194
142,-1.5439794462647355e-07,6.234548627649266
143,-1.5563927268974236e-07,6.619674143036961
144,-1.569117883805698e-07,8.154801624859356
145,-1.5817029418788586e-07,11.968120210621969
146,-1.5939559675308444e-07,11.351670071062571
147,-1.6062650452812825e-07,6.3088501681945335
148,-1.6185698160708178e-07,5.645403302571143
149,-1.6307785667402518e-07,7.2045320906788515
150,-1.643185991104822e-07,11.711109507603338
151,-1.6555289685688645e-07,10.877257678694722
152,-1.6677274477164472e-07,6.426108999886844
153,-1.6797588420981376e-07,8.04425360355567
154,-1.6919690968779217e-07,8.767336017646615
155,-1.7044764259485733e-07,6.925690482072579
156,-1.716881672100363e-07,10.914020668641559
157,-1.728974239536234e-07,9.743753353000377
158,-1.7408849899314287e-07,7.577566211474402
159,-1.7532015423169222e-07,7.638890349470562
160,-1.7660686952685305e-07,8.413606083094548
161,-1.778827110594698e-07,9.491067017866733
162,-1.791294130313722e-07,9.562322957391414
163,-1.8033604333925285e-07,7.681841315552379
164,-1.81540912151756e-07,10.096692214437265
165,-1.8275695666360666e-07,7.695268322432489
166,-1.8401031307031238e-07,8.264773351824953
167,-1.852411807813552e-07,9.217697305554518
168,-1.864377946099387e-07,8.746233690560558
169,-1.8764617106689996e-07,10.928636035890708
170,-1.888904166409402e-07,8.376113398265483
171,-1.9014143957574742e-07,5.869170868585765
172,-1.9138231981202609e-07,10.212667925663833
173,-1.9259397056199774e-07,9.29592397485066
174,-1.937871281435581e-07,7.5044272583868645
175,-1.949849120088156e-07,10.429476282739357
176,-1.9623014919093561e-07,10.021167500589664
177,-1.9747416115303462e-07,7.572125412011087
178,-1.9871279400311418e-07,5.958397438601859
179,-1.9991865345372452e-07,8.322322993992836
180,-2.0111830938810512e-07,11.387414329098668
181,-2.0231803931398676e-07,10.410589034601662
182,-2.0353874459046506e-07,6.569922080155354
183,-2.0476241339884728e-07,7.97631325650699
184,-2.059625657800541e-07,6.696575690371715
185,-2.0716589853666045e-07,10.797371106143162
186,-2.0840974035213365e-07,10.39098498029536
187,-2.0964918127044634e-07,8.923174150922145
188,-2.1088357787510926e-07,8.8183244017318
189,-2.120920958232506e-07,6.1407806390994315
190,-2.133011816370044e-07,6.789716399319833
191,-2.1451160437121174e-07,12.672303479682476
192,-2.1571781914760847e-07,11.658880073704623
193,-2.1691410209231924e-07,5.457277446937559
194,-2.1811897725354186e-07,5.016372936920719
195,-2.1933247550736093e-07,8.185495933927387
196,-2.205485807248825e-07,11.251525116747038
197,-2.2174052097568963e-07,10.882827750090506
198,-2.229275768417547e-07,8.681674902904057
199,-2.2410029812580162e-07,6.113590705982689
200,-2.2528082350521853e-07,7.206265486125139
201,-2.2651317820467423e-07,9.221579018733031
202,-2.277465906599536e-07,11.375036325484187
203,-2.2895428652138322e-07,9.244579259725217
204,-2.3014716502493047e-07,8.047656077230954
205,-2.3135451428389832e-07,7.701101247350456
206,-2.3256064458314943e-07,7.792683743738282
207,-2.3375038640435996e-07,10.584853645738164
208,-2.3490985791575253e-07,9.587514835196835
209,-2.3606312121483024e-07,7.081580433364651
210,-2.3721546719986878e-07,9.826525030716791
211,-2.384347933850628e-07,9.234275215482837
212,-2.396806261415647e-07,7.550747735324192
213,-2.409001468374915e-07,9.296012087505702
214,-2.420754358536742e-07,10.705445626804671
215,-2.4322253008278873e-07,8.758128369264519
216,-2.443969305294546e-07,8.108081662676955
217,-2.4562688406044097e-07,8.404209930745361
218,-2.4684158398481776e-07,9.028327410396395
219,-2.4802930509671126e-07,8.841981482890851
220,-2.4920391941026396e-07,8.826651660098586
221,-2.504031846037299e-07,10.974558294640902
222,-2.515809780150883e-07,8.1705950414761
223,-2.5277298663707e-07,7.781383826731841
224,-2.5395453284271106e-07,8.038998157426285
225,-2.5509602317174935e-07,8.553850806972322
226,-2.5623380653071273e-07,11.356445276291698
227,-2.5742714610542656e-07,10.151526523173288
228,-2.586516385960692e-07,6.579252506588791
229,-2.598663678629692e-07,8.594546709361563
230,-2.6105106116335e-07,8.397917239989756
231,-2.622155275398225e-07,8.331568378985844
232,-2.6338596167129674e-07,10.852743105228301
233,-2.645843007603078e-07,10.835391010923397
234,-2.657763686041953e-07,6.833250063548476
235,-2.6696805270603806e-07,4.9402861432320755
236,-2.6814451308046064e-07,8.753671146354323
237,-2.6933172429053653e-07,12.78021922803274
238,-2.7051076602008874e-07,9.961590470814789
239,-2.7169373811397387e-07,6.452655718647678
240,-2.72865340718895e-07,7.1100288366467845
241,-2.740231334904468e-07,7.224110345055857
242,-2.7521818437933823e-07,11.254291317922785
243,-2.7641227228056215e-07,11.897287290314546
244,-2.775915300167072e-07,8.774001817666342
245,-2.7876392858240667e-07,6.8278310266323095
246,-2.799573579932545e-07,7.568534446761598
247,-2.811475186744578e-07,7.496861351117228
248,-2.8231809115208155e-07,12.607358193611285
249,-2.8346104111397796e-07,10.668171378619288
250,-2.846006807985072e-07,5.345118641174995
251,-2.857391631326395e-07,6.521828899370792
252,-2.869191256325323e-07,9.575062162954593
253,-2.8810888152709994e-07,11.005515468335041
254,-2.892751490207201e-07,9.523144959815882
255,-2.904312329773572e-07,7.500136150767406
256,-2.915909701255635e-07,10.212143329893758
257,-2.9276046068612047e-07,7.538661345520982
258,-2.93967485542282e-07,8.683460939259012
259,-2.9515824399964455e-07,10.39439719901268
260,-2.963187597469291e-07,8.386328289444563
261,-2.974686966869973e-07,9.67033714629904
262,-2.986786687211334e-07,9.258201044848098
263,-2.998951750931404e-07,6.647215110003153
264,-3.01101313098879e-07,9.794573791310105
265,-3.0225358908689075e-07,9.436695867952972
266,-3.033826749042406e-07,8.757303692487543
267,-3.0450665621956233e-07,10.51317159228563
268,-3.056613206255694e-07,8.866680330711846
269,-3.0682961459510076e-07,7.8349243695487445
270,-3.079933083237757e-07,8.285762092720363
271,-3.0913905810289994e-07,10.237932436562817
272,-3.102889604969932e-07,10.613052112644043
273,-3.1145188503644747e-07,8.593214969988992
274,-3.126404349745756e-07,7.962544587597546
275,-3.137978048224142e-07,9.58029107857937
276,-3.149278916467515e-07,6.139361259666886
277,-3.1605401467456796e-07,9.516933162368872
278,-3.172079787763101e-07,12.474328805015464
279,-3.183657458968029e-07,8.843279635598861
280,-3.195205958755585e-07,7.230209150686825
281,-3.2065635280381274e-07,6.226444449845092
282,-3.2175757752877063e-07,8.399408754960682
283,-3.228490916739461e-07,12.550272176366178
284,-3.239513637698563e-07,9.817878197562571
285,-3.250653723163473e-07,8.121685363518974
286,-3.2618261473807506e-07,6.901094201530787
287,-3.2730857359337093e-07,9.312908149523976
288,-3.2844645102531887e-07,10.165500249154256
289,-3.295994827564931e-07,11.11404532966142
290,-3.3073696079727547e-07,11.06066015771862
291,-3.318464628814541e-07,6.232380954321035
292,-3.329417163207914e-07,4.365828214206489
293,-3.3404982343938606e-07,9.55112547554298
294,-3.3515977643477653e-07,13.951605769350047
295,-3.362413552150969e-07,9.832662308844887
296,-3.3732585868342893e-07,5.2777131601862886
297,-3.384187319770443e-07,6.895372474724994
298,-3.395252647148264e-07,9.41670095914785
299,-3.406337595769588e-07,11.07495392194423
300,-3.417189010645805e-07,10.672222257135498
301,-3.4278776718728625e-07,8.708564073617492
302,-3.438529878064349e-07,8.921944339843844
303,-3.449736705997928e-07,8.799162812647998
304,-3.461213857158692e-07,8.378196444369797
305,-3.472485970161529e-07,10.497302556692883
306,-3.4834115716029137e-07,10.014412529697358
307,-3.4943315214740245e-07,8.270394656084108
308,-3.5051909799605955e-07,8.256023857464804
309,-3.5162586482085255e-07,9.869731439857775
310,-3.527290210022233e-07,10.446059591033388
311,-3.5379530892875646e-07,8.60178833792088
312,-3.5483868598899547e-07,9.019765119763104
313,-3.559075212637169e-07,11.50278477234673
314,-3.5699899436283e-07,8.106150332652815
315,-3.5811920508117885e-07,7.438394686215462
316,-3.592104449785995e-07,9.956620891663553
317,-3.602744852292598e-07,10.472469786854077
318,-3.613314441996003e-07,10.156813796958856
319,-3.624413397720666e-07,9.694424763246692
320,-3.6356713621856346e-07,7.487099790185242
321,-3.646853344604378e-07,8.719619624408896
322,-3.657799077030154e-07,8.871899012373676
323,-3.6685281977557575e-07,9.570363160171585
324,-3.6792216289421357e-07,11.304513157589877
325,-3.68987349560589e-07,10.650167636661637
326,-3.700598944002259e-07,7.379602033655164
327,-3.711167539334352e-07,6.678325220280976
328,-3.721742665609811e-07,9.01913171771667
329,-3.732417259684801e-07,12.298476180457229
330,-3.7433071579028745e-07,9.837020063751233
331,-3.7544060185845666e-07,7.93588904054768
332,-3.765510668902636e-07,9.074312473743404
333,-3.7762666961160063e-07,6.838615561472542
334,-3.7871688182080744e-07,10.27219909325148
335,-3.79817871048251e-07,12.8356300028734
336,-3.8091198104118393e-07,9.676955069467763
337,-3.819818405452901e-07,5.9380223428178835
338,-3.83068605462074e-07,5.981304087411706
339,-3.841576212013115e-07,10.162737826433373
340,-3.8524314553236873e-07,13.171328151245019
341,-3.862952002462904e-07,11.003427543216608
342,-3.8735890604051946e-07,6.121985890062062
343,-3.883955021110068e-07,6.575929433786902
344,-3.894624073496884e-07,10.16299220972903
345,-3.905407261937035e-07,10.655759386949745
346,-3.9160448208158965e-07,11.387629872976788
347,-3.926587247386727e-07,8.94067739043208
348,-3.937201135633768e-07,9.353366159714142
349,-3.947955861300791e-07,6.502038211830383
350,-3.95912585114212e-07,8.710451258946367
351,-3.9701340221361963e-07,12.94162782207046
352,-3.9807299582676464e-07,8.574698604870933
353,-3.9912100182328455e-07,6.80955179427555
354,-4.002026117602826e-07,10.221321415873478
355,-4.013012968576676e-07,9.654228775429388
356,-4.0238423774140767e-07,10.327108004296836
357,-4.03453740723068e-07,8.544399066428968
358,-4.044995962222216e-07,9.449904687945327
359,-4.05530693690774e-07,11.54686343321454
360,-4.066156687024855e-07,9.07193024016484
361,-4.0772738136604935e-07,6.61647510208909
362,-4.0880937663180503e-07,9.655906555697428
363,-4.098546402329341e-07,11.076815168479499
364,-4.1091600817811806e-07,10.51616253329236
365,-4.120177329521383e-07,8.358345492309983
366,-4.131227571956905e-07,7.736113459183894
367,-4.142184964347489e-07,11.356948859284948
368,-4.1528433401533775e-07,7.408411126639606
369,-4.163334107491325e-07,8.993476342400445
370,-4.173975676534858e-07,12.562260088550484
371,-4.1847567782436927e-07,9.104561367940844
372,-4.1956056976922e-07,7.260683759882133
373,-4.2064420092128674e-07,7.865566180010855
374,-4.217050380207736e-07,8.925353997363874
375,-4.2277143010537833e-07,11.936245627490418
376,-4.238787850153433e-07,10.482683943395632
377,-4.250032959049951e-07,8.15986302955706
378,-4.261100819609687e-07,7.418342499747061
379,-4.272010064167033e-07,7.513628119949433
380,-4.2830319806656953e-07,10.513914775611456
381,-4.2941679407422773e-07,11.999973987957176
382,-4.3051222544235473e-07,10.407787439707134
383,-4.3162517860733574e-07,7.286144041690682
384,-4.327249856979188e-07,4.7454049329394525
385,-4.3380627670266956e-07,9.717114381491527
386,-4.3489345094628336e-07,13.455742995174251
387,-4.3597386775128117e-07,9.580123874373026
388,-4.370475772022488e-07,6.836793571942107
389,-4.381339021484931e-07,8.132590781021596
390,-4.3922273474345077e-07,8.93087605556683
391,-4.403372011381601e-07,10.89328357913342
392,-4.4144318815056957e-07,11.809106401595969
393,-4.4253576856284375e-07,9.109672800203873
394,-4.4361347355774026e-07,6.460260111537285
395,-4.44736256856599e-07,6.657198257115098
396,-4.459000762600982e-07,10.254806730611795
397,-4.4701893361202316e-07,11.580386439616472
398,-4.481092430115066e-07,9.52324858697705
399,-4.492083529375211e-07,7.577236090293586
400,-4.503051891375353e-07,8.677773103731145
401,-4.514236452531256e-07,9.669204480992983
402,-4.5255158387167243e-07,9.972074266707844
403,-4.536473354337243e-07,8.3328469369705
404,-4.5471768612205153e-07,9.4182620848193
405,-4.5580487976201435e-07,11.801025490116844
406,-4.569343998980594e-07,7.31966549498929
407,-4.5808836816666215e-07,7.568964544647006
408,-4.5923656162296213e-07,10.27896467857876
409,-4.603448837308555e-07,10.03618518685525
410,-4.6143784294946283e-07,8.570410926977091
411,-4.6258189646328996e-07,9.679043157924728
412,-4.637633818395114e-07,9.21169385478127
413,-4.6491247128307716e-07,9.024543509397434
414,-4.660267812205706e-07,8.3731976012048
415,-4.671255999267587e-07,10.175828102547673
416,-4.682219761558e-07,10.50912151510999
417,-4.6933714408457847e-07,9.344585097045691
418,-4.7048783126920273e-07,6.285647811145634
419,-4.7162692386391564e-07,7.700708386154919
420,-4.7275773086929036e-07,9.828082766321117
421,-4.7388944566120135e-07,11.690433248971662
422,-4.750562125847788e-07,9.104346008701992
423,-4.7622595613191354e-07,7.827336546393898
424,-4.773909895919321e-07,9.24833997335648
425,-4.785341350737028e-07,5.941284225548801
426,-4.796793698841212e-07,9.004579217543682
427,-4.808383822400917e-07,12.795637404402841
428,-4.820108423230115e-07,10.268190089938054
429,-4.831768192942641e-07,5.186266264563405
430,-4.843524012774472e-07,5.356529332023235
431,-4.854984459924974e-07,9.93118259884684
432,-4.866367034032111e-07,11.994183998332227
433,-4.877807885621643e-07,9.958020485023656
434,-4.889469799717149e-07,7.537870871120347
435,-4.900863517734065e-07,5.9111922056245785
436,-4.91243627411866e-07,9.107346731312415
437,-4.924401093623285e-07,10.621654921408096
438,-4.936411248288633e-07,11.596016089756315
439,-4.947972648918141e-07,8.158970668741492
440,-4.95969059536329e-07,7.314965962785635
441,-4.971568727298419e-07,6.328055019978933
442,-4.983557375563726e-07,8.787888849278
443,-4.995537745664268e-07,13.021802925238195
444,-5.007144714912098e-07,8.726508161693591
445,-5.018696941110455e-07,5.722626043569175
446,-5.030480877075308e-07,9.192127701826687
447,-5.042370870131126e-07,8.403284899948082
448,-5.054262506617354e-07,9.189961858497634
449,-5.065874305184933e-07,9.903288768418776
450,-5.077452511501412e-07,8.852585261649082
451,-5.089066293588293e-07,8.856839077938657
452,-5.101258593098854e-07,7.655385202001388
453,-5.113864872044539e-07,9.262361261793322
454,-5.12609488449366e-07,9.460519853381228
455,-5.13809978787086e-07,8.303292043390593
456,-5.150095824019484e-07,9.281971704041275
457,-5.16238698676939e-07,9.929422983964876
458,-5.174649598460315e-07,7.377397506817186
459,-5.186947918251493e-07,8.909930959485873
460,-5.198892179522863e-07,7.8986912666253435
461,-5.210628461517592e-07,9.419201782976725
462,-5.222432275275555e-07,11.71671455193347
463,-5.23461885948655e-07,6.684358901911105
464,-5.246837325729881e-07,5.982134740572841
465,-5.258911119963552e-07,10.090714962204734
466,-5.27073587547503e-07,9.489802269328676
467,-5.28274644502427e-07,9.57519239870981
468,-5.294949632724633e-07,9.347298164776491
469,-5.30747081238098e-07,9.162473481372999
470,-5.319799392442613e-07,7.81577465120062
471,-5.331966964648035e-07,6.113867296836905
472,-5.344039528314175e-07,10.009109657445643
473,-5.356303005548926e-07,11.882183401827557
474,-5.368505211656048e-07,8.36030995574222
475,-5.380760631299815e-07,6.326953548384292
476,-5.39290404208343e-07,6.283170522712601
477,-5.404872104010804e-07,8.474335600021735
478,-5.416902677858255e-07,12.625483103419983
479,-5.429181574795756e-07,8.752009675715819
480,-5.441330803767832e-07,7.517154117406564
481,-5.453652759327537e-07,7.247018807516139
482,-5.466010558161393e-07,7.439024241480648
483,-5.478340978370772e-07,9.646131719991383
484,-5.490841279451722e-07,11.930135082046355
485,-5.503275098894472e-07,9.440274036443855
486,-5.515586489877851e-07,4.9396740645257315
487,-5.52798016483477e-07,5.244024181757722
488,-5.540563347584088e-07,10.998250057713324
489,-5.553103121778653e-07,11.367021048337799
490,-5.565444936458773e-07,8.414012635616459
491,-5.577689904262015e-07,7.025155761841642
492,-5.589828669888806e-07,7.523656647138979
493,-5.602302555868424e-07,8.060201844365345
494,-5.615082737922711e-07,10.518497819488033
495,-5.627680118179871e-07,10.284832450318795
496,-5.640029763038015e-07,7.394588249018017
497,-5.652598432905879e-07,8.527153413159736
498,-5.665640574843803e-07,6.842820026236904
499,-5.678655055010654e-07,8.515349608351547
500,-5.691480397387361e-07,10.595961791769135
501,-5.703863059850256e-07,7.953180550564879
502,-5.716365694984078e-07,8.049642733038054
503,-5.729192606871193e-07,9.447975757279476
504,-5.742320518960668e-07,9.106188433453738
505,-5.755351400624994e-07,7.746483316789067
506,-5.768104607083025e-07,7.523061456870957
507,-5.780667740927697e-07,10.848905120284105
508,-5.793073796839589e-07,9.413021486954449
509,-5.805834796393698e-07,7.077768614640548
510,-5.8188901072933e-07,8.080603130257268
511,-5.831657818540201e-07,9.304994474734269
512,-5.844290510440167e-07,8.34390892576747
513,-5.85716558074859e-07,9.747713898430655
514,-5.870411805341312e-07,9.665515605128029
515,-5.883522819925392e-07,6.710389319253749
516,-5.896493971750086e-07,7.990717634304315
517,-5.909141185515204e-07,7.178800124295042
518,-5.921668887673516e-07,10.01529919554603
519,-5.934398430983723e-07,11.431800278322292
520,-5.947343563113389e-07,7.4752031429300105
521,-5.960317613467937e-07,5.320757742972254
522,-5.973138114577093e-07,8.05922029478799
523,-5.985834812735275e-07,9.380476312312132
524,-5.998637042974109e-07,10.035376752558093
525,-6.011388526970105e-07,9.217846124975893
526,-6.024265461654447e-07,9.162866199088818
527,-6.037063155916326e-07,6.325733659350096
528,-6.049981824552156e-07,4.985422717695834
529,-6.062944663041923e-07,10.63351216298266
530,-6.075940048048499e-07,12.447396864679718
531,-6.088703154156281e-07,6.6714269107552155
532,-6.101541481175798e-07,5.784503883322813
533,-6.114216994708037e-07,6.661129052590162
534,-6.126743048286251e-07,9.91088825291126
535,-6.139367225118853e-07,12.066733456564535
536,-6.152141954726187e-07,8.687829496931743
537,-6.164588581547195e-07,6.401845134266878
538,-6.177111418166699e-07,8.356126138076945
539,-6.189965223276835e-07,7.759600493345354
540,-6.202794010284635e-07,9.715032019065028
541,-6.215322645151561e-07,11.202799474019375
542,-6.227616203769425e-07,8.653117152923581
543,-6.239942532290699e-07,6.3827071617223785
544,-6.252597746239713e-07,5.648301701492984
545,-6.265560215311347e-07,10.698435726343718
546,-6.278360094279915e-07,11.110683280758737
547,-6.290721422420394e-07,6.91942983677926
548,-6.3030619796907e-07,7.774931574548179
549,-6.315643149621777e-07,9.599045149811017
550,-6.328316796905314e-07,7.630693020809844
551,-6.340913712261579e-07,9.61323899558654
552,-6.353328114633707e-07,8.355579642545056
553,-6.365560328432274e-07,8.384504054610048
554,-6.37796970817203e-07,10.234711345400479
555,-6.39102534070887e-07,7.558618699210912
556,-6.404097427225609e-07,7.489262687730799
557,-6.416856238558589e-07,9.240881635974283
558,-6.429069919769124e-07,8.362325350237413
559,-6.441373423276775e-07,9.911675621952726
560,-6.453838086983388e-07,9.08205567661401
561,-6.46651393578069e-07,8.523816163274798
562,-6.479115349143679e-07,6.955881379461814
563,-6.491467163119673e-07,7.25995730267542
564,-6.503857141061092e-07,11.608031364529399
565,-6.516303366088421e-07,10.063969952202642
566,-6.528859434470345e-07,6.234384171960472
567,-6.541571204966604e-07,7.5040866227813074
568,-6.553975003265702e-07,9.024184691557481
569,-6.566118650247625e-07,8.514748503719401
570,-6.578595226444321e-07,10.501534724535249
571,-6.59153828998136e-07,9.788324537579934
572,-6.604137215078299e-07,7.369482773224723
573,-6.616684039363042e-07,6.831159835504521
574,-6.629211450185086e-07,5.943990063546747
575,-6.641685710124045e-07,10.72978488687067
576,-6.65391469331426e-07,11.626235476065316
577,-6.666253369037916e-07,7.725637668933943
578,-6.678726618839077e-07,6.044998276604966
579,-6.691189424882945e-07,5.4215572804559065
580,-6.70373855157274e-07,11.376602301006828
581,-6.716341748376509e-07,10.244269876168913
582,-6.728929578329801e-07,8.729248840149348
583,-6.741514416041315e-07,8.638381319579969
584,-6.753767842778598e-07,7.098283048933939
585,-6.766043067753111e-07,6.013393268222443
586,-6.778538184307723e-07,11.295896366578189
587,-6.790854179958728e-07,11.914888030345946
588,-6.802852547870774e-07,7.016959883529146
589,-6.815124648366347e-07,5.606520168552061
590,-6.827746181841198e-07,7.459823719649917
591,-6.84036120434284e-07,10.342192182052113
592,-6.852651861864107e-07,11.358265438655199
593,-6.86480042128245e-07,7.970455520766369
594,-6.876799786796458e-07,7.0219312460474415
595,-6.888939994088132e-07,8.613861984467967
596,-6.901685710659325e-07,8.835311146007278
597,-6.914358743330148e-07,9.2704122545163
598,-6.926690387924745e-07,8.802155317985312
599,-6.93877201621083e-07,9.639335456411626
600,-6.951021944619946e-07,8.31894895045585
601,-6.963521690198887e-07,6.325328152521215
602,-6.975950738187235e-07,9.948982392928512
603,-6.987979595577696e-07,9.663802071731366
604,-6.999943523647506e-07,6.915884783783083
605,-7.012104396850251e-07,9.663734407327974
606,-7.024748649620795e-07,10.920813299147154
607,-7.037440558258391e-07,7.282196383924354
608,-7.050025846370037e-07,7.945089626705675
609,-7.062117136170568e-07,8.833235463377962
610,-7.07397862706622e-07,9.798799470910373
611,-7.085955995673294e-07,10.826407012745445
612,-7.09853415111202e-07,7.18549826721141
613,-7.111115369999055e-07,6.3418393748758195
614,-7.123369260071479e-07,8.620101194274488
615,-7.135475333560439e-07,9.598269472060723
616,-7.147817452369797e-07,10.986316050100177
617,-7.160115684528429e-07,8.050017697437102
618,-7.172427149311529e-07,8.654669776170014
619,-7.184587305812546e-07,6.738935097796647
620,-7.19660024617459e-07,7.417449896423979
621,-7.208745247856758e-07,11.20813974257333
622,-7.221175209930552e-07,11.487530387487752
623,-7.233636766632908e-07,6.236202589978501
624,-7.246201901854813e-07,7.052643143559388
625,-7.258684273632893e-07,7.920113588168477
626,-7.270853252073344e-07,8.523660995991047
627,-7.282949358787723e-07,11.371328251681923
628,-7.295311891728198e-07,10.128247713145882
629,-7.307583013082188e-07,7.014417570058737
630,-7.319873754277805e-07,6.596364481831012
631,-7.332276794700636e-07,7.2172911903139845
632,-7.344770084295638e-07,11.751542126810856
633,-7.357089886068076e-07,10.830139927731352
634,-7.369293887015438e-07,7.8849488783823976
635,-7.3814568384916e-07,6.144905994649782
636,-7.393604492833184e-07,6.66018890474852
637,-7.406057598178907e-07,11.574618926103945
638,-7.418456698917118e-07,11.128187172074954
639,-7.430678332091256e-07,8.513414111227938
640,-7.442787099797634e-07,8.040241974378352
641,-7.455067239598173e-07,8.916445577670903
642,-7.467433553502373e-07,6.305626412660865
643,-7.479732651545833e-07,11.004725944603251
644,-7.49170970382717e-07,11.110037626647395
645,-7.503382827616474e-07,7.486142495023348
646,-7.515139350930956e-07,7.25774985103325
647,-7.527592651511153e-07,8.293738949929258
648,-7.540077619287808e-07,10.77276499109857
649,-7.552094090618866e-07,9.841199683830999
650,-7.563930703974949e-07,7.234423282725227
651,-7.575852481204029e-07,10.267024285021892
652,-7.587707956044693e-07,9.244666375532448
653,-7.599791528131522e-07,9.674004091979185
654,-7.611727609454857e-07,7.993297576990956
655,-7.623350276072903e-07,7.2577630797446835
656,-7.634778836194278e-07,11.33137828230882
657,-7.646587450712367e-07,10.288400061379177
658,-7.658566156756398e-07,6.489137979064469
659,-7.670521698672639e-07,8.335485785484924
660,-7.682084716301397e-07,8.954783489298558
661,-7.693400082373129e-07,8.964997673610421
662,-7.704750339837133e-07,11.100311456049266
663,-7.716300011120611e-07,10.082951239800938
664,-7.727917197125977e-07,7.439539794800978
665,-7.739512216426215e-07,6.860669502111384
666,-7.750883209330149e-07,9.26167581936431
667,-7.762316967449735e-07,11.468037551364223
668,-7.77377596712769e-07,10.274195588785462
669,-7.785379116754987e-07,7.095995870710028
670,-7.796799534220243e-07,7.849646663663732
671,-7.807990221040998e-07,6.868225052583681
672,-7.81935101646464e-07,10.167051309116406
673,-7.830858958381185e-07,11.768869852781636
674,-7.842245958665432e-07,8.874643292687072
675,-7.853553314399018e-07,8.322763150729967
676,-7.864914404458163e-07,6.2167734822918455
677,-7.876094439902953e-07,7.051979417632473
678,-7.88727308097014e-07,11.62921025123429
679,-7.898448403953267e-07,11.623868345920782
680,-7.909706656922142e-07,7.704022700573372
681,-7.921217891544241e-07,6.075904412808798
682,-7.933022791651856e-07,8.92400806260337
683,-7.944755902818325e-07,9.955798103017605
684,-7.956443276183523e-07,11.198873362116897
685,-7.96801059862446e-07,9.978411127206256
686,-7.979304416131242e-07,7.463508788994721
687,-7.990433301443915e-07,6.3511703759649425
688,-8.002009824175144e-07,8.498635270027634
689,-8.013640172297792e-07,12.328648260850306
690,-8.025016064731564e-07,10.385137885492584
691,-8.036240630355871e-07,7.531642108278969
692,-8.047676763881075e-07,7.387833876803018
693,-8.059449750963773e-07,8.360600948816376
694,-8.071295589921331e-07,10.876031923166229
695,-8.082785033816808e-07,10.737370344442024
696,-8.094007920596171e-07,8.107079498042248
697,-8.105146505799806e-07,9.325102122165047
698,-8.116804461912263e-07,10.419822652385012
699,-8.128685424301486e-07,6.789290927219111
700,-8.140417006352742e-07,8.956345473091288
701,-8.151734549014457e-07,9.799086672869603
702,-8.162830277807247e-07,8.976076186588092
703,-8.174021046550241e-07,9.686415655136381
704,-8.185709957140014e-07,9.311853820561568
705,-8.197367628868335e-07,9.752888552058577
706,-8.208681887698335e-07,8.396239308989074
707,-8.219873228533629e-07,8.552473495359191
708,-8.231270000482713e-07,11.915902868965137
709,-8.242747923849198e-07,9.87929126576699
710,-8.254391250436978e-07,7.619746613150036
711,-8.265973061126755e-07,7.038300145486011
712,-8.277267784245465e-07,9.372384410150902
713,-8.288418300537705e-07,12.159397425457637
714,-8.299970662374655e-07,10.817440302066178
715,-8.311638956018663e-07,5.805091788338161
716,-8.323099307249618e-07,7.513197479958779
717,-8.334362148475054e-07,9.69150294837649
718,-8.345470717561105e-07,9.556870486757324
719,-8.356634724140445e-07,11.255498987289222
720,-8.367810308555992e-07,10.874994274527378
721,-8.378810830001337e-07,7.770860113513435
722,-8.389741800654163e-07,6.693548364537353
723,-8.401049834907228e-07,7.411369029276198
724,-8.412364587930532e-07,12.354602813542106
725,-8.423587280517849e-07,10.984593783692837
726,-8.435038012049257e-07,7.395872537159162
727,-8.446635840292002e-07,8.117227452948134
728,-8.457935317593943e-07,6.683197871122352
729,-8.46930153416796e-07,10.617276591520572
730,-8.480728740237386e-07,11.858949927590608
731,-8.492042072003891e-07,9.067370506894767
732,-8.503066416667071e-07,8.1237664021737
733,-8.514453261967605e-07,6.707667255563326
734,-8.525955203860599e-07,8.21462053562454
735,-8.537291190506067e-07,12.421404288239392
736,-8.548353161378459e-07,11.267187628932545
737,-8.559406903876013e-07,7.170171576403913
738,-8.57040250264732e-07,7.012422682139191
739,-8.581764829377777e-07,9.685828950803788
740,-8.593351949516522e-07,10.345623300363142
741,-8.604737273985326e-07,10.761197643078692
742,-8.616021868528916e-07,8.618316534727562
743,-8.627217682324948e-07,10.230430952773892
744,-8.638458660568507e-07,6.9824451527556
745,-8.650166556042339e-07,8.1179770071833
746,-8.661703183306166e-07,11.504926234203321
747,-8.672711445756617e-07,8.504169346832963
748,-8.683571278319373e-07,8.846764304088055
749,-8.695012733398807e-07,9.722284778737096
750,-8.706789853991247e-07,9.015596277644416
751,-8.71827729453723e-07,10.35649332723337
752,-8.729593367269657e-07,7.730954391197199
753,-8.740668256713799e-07,8.626947791930114
754,-8.751802470909097e-07,12.038216008530695
755,-8.763196786791335e-07,11.064297678253851
756,-8.774830008016136e-07,6.297535061775812
757,-8.786347623311577e-07,7.523373109783628
758,-8.797488658799705e-07,9.82996686952117
759,-8.808572041445924e-07,11.890476161833874
760,-8.81993018124045e-07,9.555320546651133
761,-8.831479500807762e-07,7.132728016645372
762,-8.843043780352514e-07,9.80022442869246
763,-8.854197369861388e-07,7.293814036551556
764,-8.86532083175591e-07,10.11473835469937
765,-8.876582904435433e-07,12.203268634338084
766,-8.887761896340159e-07,9.319432003023636
767,-8.898997462609709e-07,7.432574901594557
768,-8.910351995659324e-07,6.350964002246253
769,-8.921552203906371e-07,8.902470881743742
770,-8.932839267827248e-07,12.116425460091936
771,-8.944170182898954e-07,11.176058812890075
772,-8.955758013884735e-07,6.858952045087335
773,-8.967226982009986e-07,6.9803985662463335
774,-8.978714218262463e-07,8.735311882055202
775,-8.990365934324415e-07,9.459539180507209
776,-9.001968897534571e-07,11.048471468961596
777,-9.013240641702099e-07,10.914698708126892
778,-9.024418548270092e-07,8.324187021397114
779,-9.035528637081001e-07,4.96312049750119
780,-9.046905540647579e-07,8.158336113128541
781,-9.058289752049673e-07,12.942152960444433
782,-9.069501969567631e-07,10.34801898559637
783,-9.080740716337977e-07,7.576014113487056
784,-9.092264258550573e-07,7.6659390162446
785,-9.103750695442917e-07,8.673639595892242
786,-9.115393877481088e-07,10.97560563326142
787,-9.126825888602984e-07,11.257859838319897
788,-9.138130923710979e-07,8.56386638445436
789,-9.149112410405082e-07,7.853647488957296
790,-9.160515453594092e-07,8.455919779766713
791,-9.172453482270192e-07,8.450554039571658
792,-9.184270556477806e-07,10.394220033164737
793,-9.195589585545447e-07,10.812530757250725
794,-9.206761229090616e-07,7.870728383039967
795,-9.218200620797146e-07,8.506901789169984
796,-9.229961953142509e-07,9.896704489367433
797,-9.24161567175423e-07,9.894654871430529
798,-9.252960955567832e-07,7.725463807074425
799,-9.264174271970394e-07,8.973128646755443
800,-9.275481040432648e-07,11.833724138345788
801,-9.2869955237432e-07,9.131157381552404
802,-9.298753704615046e-07,7.073973633944675
803,-9.310473499592018e-07,8.894674468889992
804,-9.321893497951232e-07,8.832802221857962
805,-9.333240046869714e-07,10.273982584239954
806,-9.345148086333529e-07,10.77295363331077
807,-9.357372858778182e-07,8.691751617723998
808,-9.369122987849553e-07,7.828993850654225
809,-9.380682204678268e-07,8.22911469384397
810,-9.392121888469053e-07,9.695753866258304
811,-9.40352100227232e-07,11.5189548291264
812,-9.415052499017524e-07,10.081257184600522
813,-9.426888418159452e-07,5.068160248035293
814,-9.438576496459194e-07,6.635884808550883
815,-9.450226433594619e-07,10.107499275296602
816,-9.461944683700409e-07,12.598067589006291
817,-9.473735844038508e-07,9.29899832774419
818,-9.485574010015688e-07,6.928810089062965
819,-9.497372385733862e-07,9.747343254646545
820,-9.508949380075136e-07,6.816415679209091
821,-9.520600034496102e-07,8.733287475625962
822,-9.532370014274619e-07,12.511177900578025
823,-9.544051820852872e-07,10.033451791948346
824,-9.555633039774375e-07,7.2524267284621216
825,-9.567495137032421e-07,5.673530444268558
826,-9.579336397952694e-07,8.405318568260586
827,-9.59105226222438e-07,12.183197247968932
828,-9.602766877252188e-07,10.947349944837102
829,-9.614584629758308e-07,7.315116789207365
830,-9.626254039146923e-07,6.710804610437859
831,-9.63801506369145e-07,8.975613077795698
832,-9.650136461782878e-07,10.561347600283007
833,-9.662126165645585e-07,10.707926986534567
834,-9.67384356253181e-07,8.306572290403302
835,-9.685677449018961e-07,9.223245183006899
836,-9.697581109758104e-07,6.301776827355757
837,-9.70967758232693e-07,7.965477096701057
838,-9.721775759511683e-07,12.452453468129985
839,-9.73344870495837e-07,9.358905141076024
840,-9.744885772916122e-07,7.337718601087285
841,-9.756596799850601e-07,9.200968833416562
842,-9.768542272932305e-07,8.347509614918403
843,-9.780552370936132e-07,9.698569604154068
844,-9.792181270455385e-07,9.157921876695983
845,-9.803637945562998e-07,8.518240475961825
846,-9.815134810810182e-07,9.559091453713215
847,-9.827103671587293e-07,8.715147878943911
848,-9.839494800351264e-07,8.480766679851806
849,-9.851522113712966e-07,8.354046378359937
850,-9.863263736663511e-07,8.310813759016705
851,-9.874928173735546e-07,10.406728520991457
852,-9.886937266032635e-07,9.95031969125592
853,-9.898997848829612e-07,8.107903451800297
854,-9.910939174613538e-07,8.951764858152801
855,-9.922566692838616e-07,6.564461048567799
856,-9.934191686936422e-07,9.177356094155389
857,-9.945977263661185e-07,12.795458461980505
858,-9.957937631697858e-07,8.627158263327942
859,-9.969812504350915e-07,5.374626511364716
860,-9.98175036848463e-07,7.927372374846774
861,-9.993342029369536e-07,9.871045913262446
862,-1.0004921833585604e-06,10.938058577624682
863,-1.0016729376595986e-06,9.679275206956246
864,-1.0028794899877368e-06,8.188392366783885
865,-1.0040617577910302e-06,6.85427195993179
866,-1.0052435911978353e-06,7.546757976524646
867,-1.0064318684576873e-06,10.135013306309578
868,-1.007639063361075e-06,11.116637805130555
869,-1.0088304352057544e-06,9.258484078817533
870,-1.0100327448659443e-06,6.235737602075414
871,-1.0112350252181002e-06,6.102148001593079
872,-1.0124533315347817e-06,8.634390299741849
873,-1.013684866757059e-06,12.238343265144032
874,-1.014923902875754e-06,9.384337323549394
875,-1.0161521823148484e-06,7.0324348373310634
876,-1.0173996227071773e-06,8.324783173705582
877,-1.0186548064514796e-06,7.191512597472705
878,-1.019911363401558e-06,8.915021274452332
879,-1.0211578479256098e-06,11.45588951220564
880,-1.0223980714398786e-06,10.049205181122046
881,-1.0236303619409856e-06,7.009438197076938
882,-1.0248889198722454e-06,5.379588621706963
883,-1.0261699874593484e-06,10.202957385147718
884,-1.027443931783332e-06,11.07817349888299
885,-1.0286988466322184e-06,9.818471419763881
886,-1.0299505389898321e-06,6.921274177292901
887,-1.0311915648769394e-06,7.8974091024119275
888,-1.0324569260923807e-06,9.130066979241153
889,-1.0337370069451214e-06,9.87925246799405
890,-1.0350083416199459e-06,9.654503633857958
891,-1.036243843690569e-06,7.966073998226439
892,-1.0374853095417646e-06,9.749547023011642
893,-1.0387719391228688e-06,7.604791834353628
894,-1.0400814309454205e-06,7.085070232644378
895,-1.0413603914573109e-06,10.568798764669065
896,-1.0425929652966813e-06,8.006357730168242
897,-1.043827237038552e-06,8.982196519208351
898,-1.0451095321759537e-06,9.67387027099365
899,-1.046420337884517e-06,9.289855385961776
900,-1.04771724694454e-06,8.069872560186289
901,-1.0489767290843484e-06,7.243690423072069
902,-1.0502200718624985e-06,9.493951963614087
903,-1.0514512503243734e-06,11.195096773242646
904,-1.052705788744613e-06,8.766259651396254
905,-1.053986908479683e-06,6.794419345110439
906,-1.055241405927901e-06,7.738781022578439
907,-1.056481770959052e-06,8.227250031453751
908,-1.057744535375683e-06,11.134919883878538
909,-1.0590326501907783e-06,9.940759233538195
910,-1.0603081864948973e-06,6.203888623349127
911,-1.0615795935186007e-06,7.408912858023228
912,-1.0628316655777292e-06,7.136470323473723
913,-1.0640799312033684e-06,9.727816280647474
914,-1.0653522753326432e-06,12.174630029155127
915,-1.0666294073910333e-06,7.26068190422863
916,-1.0678924407539443e-06,5.437518556265823
917,-1.0691740884092066e-06,7.574506320806021
918,-1.0704573759145942e-06,9.58011485434391
919,-1.071732386500866e-06,10.78480865365542
920,-1.0729952475682483e-06,9.346351782909595
921,-1.0742677101022123e-06,8.048284744247518
922,-1.0755137834127694e-06,7.800187998168959
923,-1.0767858461293099e-06,5.717545791960312
924,-1.0780819594621507e-06,9.70383480140595
925,-1.0793641138241998e-06,11.728404266208381
926,-1.0806154458980511e-06,8.052787774172609
927,-1.0818781971430287e-06,7.049088373100594
928,-1.0831610958132106e-06,5.845705473001219
929,-1.084441419393501e-06,9.043523653273876
930,-1.085716623951338e-06,12.335077321522414
931,-1.0869845170007136e-06,8.420723218144653
932,-1.0882365386119066e-06,6.860937565423288
933,-1.089516360077669e-06,8.990487709979627
934,-1.0908100534421056e-06,7.778203701581042
935,-1.092108315046325e-06,9.3426138082592
936,-1.0933959208504035e-06,9.70352378678403
937,-1.0946391749525045e-06,9.592348603400891
938,-1.0958699095912254e-06,7.622351661443071
939,-1.0971449437195008e-06,5.9978504499793175
940,-1.098453268664602e-06,9.655398732504082
941,-1.0997521490907778e-06,10.441572323938587
942,-1.1010084134199336e-06,8.638630676652154
943,-1.1022672408934912e-06,7.809548574013855
944,-1.1035435958796613e-06,9.14887587066488
945,-1.104833387227218e-06,8.412228860033736
946,-1.106124815721623e-06,8.958356417660887
947,-1.107376080845708e-06,6.960208360003655
948,-1.1086021408492132e-06,8.658631193229906
949,-1.109858630012597e-06,10.959801551272335
950,-1.11117144482795e-06,7.633744605138963
951,-1.1125000548235823e-06,6.698689322462511
952,-1.113789619817102e-06,8.698444525390736
953,-1.1150376116692694e-06,7.9614416307906195
954,-1.1162959918307345e-06,10.277768056456122
955,-1.117570337204217e-06,9.372077412450345
956,-1.118860894513891e-06,9.412618093455853
957,-1.1201384676534994e-06,5.7607102952743
958,-1.121413120374696e-06,6.600162357893686
959,-1.1226970033390953e-06,11.065298318490141
960,-1.1239682675239362e-06,11.201848580479881
961,-1.1252427344292814e-06,7.805918244214947
962,-1.1265421967328138e-06,5.57888731726787
963,-1.127800225761197e-06,7.30954461581805
964,-1.1290357716006486e-06,9.723308619019889
965,-1.1302901746169224e-06,11.344073474691188
966,-1.1315740177640144e-06,8.996261633605467
967,-1.1328315018493807e-06,6.1993401860758945
968,-1.1340914639922435e-06,7.756516763126294
969,-1.135375476327243e-06,6.536898053219839
970,-1.136660461048602e-06,9.6551609940413
971,-1.1379282880641334e-06,11.559352758405845
972,-1.1391968626539407e-06,7.936922986938352
973,-1.1404714277754978e-06,5.4399077887532
974,-1.1417693776175762e-06,6.608997216491515
975,-1.1430867307312531e-06,9.879020763178312
976,-1.1444019128473783e-06,10.330406865494167
977,-1.1456945151618676e-06,8.384876963887596
978,-1.146984329383929e-06,8.345688118758302
979,-1.1482599603903773e-06,7.546059511862643
980,-1.149547028639953e-06,6.309898004888922
981,-1.1508501154600357e-06,10.010593311172869
982,-1.1521406268972037e-06,10.838309556884125
983,-1.1534104321554058e-06,8.121688405082304
984,-1.1547035632282714e-06,7.462656060699982
985,-1.1560381310002102e-06,6.760748619800683
986,-1.1573730009913549e-06,9.093191684411652
987,-1.1586817738683609e-06,11.689024324105194
988,-1.1599622403549764e-06,7.673648804430899
989,-1.161230176705307e-06,6.861199073187048
990,-1.1625117722385414e-06,9.797327792017747
991,-1.1638287833511166e-06,8.052423039180066
992,-1.165155197016349e-06,8.287457644041428
993,-1.16644762992176e-06,8.597335641989163
994,-1.1677104734426052e-06,9.791987632015664
995,-1.1689903110478341e-06,9.255152424230952
996,-1.1703119900148857e-06,6.300705545452041
997,-1.1716556590158604e-06,8.862367925417166
998,-1.1729542493685766e-06,9.432618912230678
999,-1.1742219001836716e-06,7.491025362365163
1000,-1.1755174369412806e-06,9.450030418024689
1001,-1.176862046751872e-06,10.305446678605712
1002,-1.1781967635564916e-06,8.058927341767612
1003,-1.179523509497862e-06,7.970182340589172
1004,-1.1808190116936876e-06,6.135906280642219
1005,-1.1820855683486775e-06,9.25950583647008
1006,-1.1833731752381829e-06,12.307991933963429
1007,-1.1846873162106522e-06,7.103171447774446
1008,-1.185988849358184e-06,5.110660369859586
1009,-1.1872819388254806e-06,7.050597131439136
1010,-1.1885721923919923e-06,10.184738943010084
1011,-1.1898738136247287e-06,10.568086104858475
1012,-1.1911964463906723e-06,8.259620443425078
1013,-1.192519816486657e-06,7.994594004794229
1014,-1.1938100184168326e-06,6.508023747968393
1015,-1.1950999505759007e-06,6.780408314162018
1016,-1.1964081615215806e-06,11.30536448950963
1017,-1.197721595650984e-06,11.154207887115641
1018,-1.199014933437862e-06,6.549764602500127
1019,-1.200332420451295e-06,6.155778123932884
1020,-1.2016495873244806e-06,7.203514348334337
1021,-1.2029427863925737e-06,8.830776861046898
1022,-1.204234553354436e-06,11.309009365630008
1023,-1.2055377971163242e-06,8.324639595922529
1024,-1.206815149222521e-06,6.755356312090181
1025,-1.2081054248937838e-06,7.926927108495982
1026,-1.2094369645332054e-06,6.670550142955664
1027,-1.2107770598393536e-06,9.982706615788643
1028,-1.212092813554507e-06,10.143059742317242
1029,-1.2133934106731215e-06,8.76194409914541
1030,-1.2146977974431307e-06,5.858269654919242
1031,-1.21601845989681e-06,5.86306027932236
1032,-1.2173412920747414e-06,10.889037768658413
1033,-1.2186471518007779e-06,9.923683838504315
1034,-1.2199494761474387e-06,7.231437768257528
1035,-1.2212509375322781e-06,8.860155754124918
1036,-1.2225504140293665e-06,8.607348870461788
1037,-1.2238541662272424e-06,6.673606903921853
1038,-1.2251558130210389e-06,9.502964332709555
1039,-1.2264200764209108e-06,9.92139599864051
1040,-1.2276578138523575e-06,8.385852100261358
1041,-1.2289048630587203e-06,8.291468161771599
1042,-1.2302109231537939e-06,6.786020200752333
1043,-1.2315297737771782e-06,8.595278495080688
1044,-1.2328245978298844e-06,10.215503762013336
1045,-1.2340872105880263e-06,7.178277349132303
1046,-1.2353549483526369e-06,8.836891802668804
1047,-1.2366366734139387e-06,8.802106500875727
1048,-1.2379311487366205e-06,9.177117199156372
1049,-1.2392170237211488e-06,6.658122393775841
1050,-1.2404708292699051e-06,6.445888697222616
1051,-1.2417128629228968e-06,10.510493910607163
1052,-1.2429896607748297e-06,10.252257538107344
1053,-1.244293704427953e-06,5.620629923118691
1054,-1.2456017301035435e-06,8.178705578407905
1055,-1.2468855485043636e-06,7.495598900122906
1056,-1.2481613005665937e-06,8.694180332470056
1057,-1.2494562998165722e-06,10.268543430874264
1058,-1.2507850851915745e-06,10.577334520145461
1059,-1.252106143580534e-06,7.0030456309944205
1060,-1.2534266699652114e-06,6.526594053947601
1061,-1.2547322584458764e-06,7.551120795880742
1062,-1.2560418579754669e-06,10.426478546521729
1063,-1.257356822833238e-06,11.50201055005256
1064,-1.2586799764025811e-06,6.171632895171119
1065,-1.2600004000740461e-06,4.828733796280207
1066,-1.261302532015305e-06,7.25705390014422
1067,-1.2626220111984676e-06,10.68973974943605
1068,-1.2639544489507424e-06,10.750792712582388
1069,-1.2652938729548293e-06,7.31627359991404
1070,-1.2666211337761913e-06,7.5532199160404945
1071,-1.267950350466028e-06,7.333220885273964
1072,-1.2693081594122113e-06,6.327287917335729
1073,-1.2706858238205417e-06,10.501347169338606
1074,-1.2720502877804283e-06,10.982277026997576
1075,-1.2733897981738762e-06,6.141270208825346
1076,-1.2747519064521723e-06,6.6748920759000505
1077,-1.276153209864353e-06,7.529994351974227
1078,-1.277545972840753e-06,8.808604360569785
1079,-1.2789137897917588e-06,10.557954977850443
1080,-1.2802745510624096e-06,7.748303623009549
1081,-1.281626221107415e-06,7.803544311809877
1082,-1.2829782978098067e-06,7.588513430303811
1083,-1.2843741090007826e-06,7.453680796371262
1084,-1.2857581622397492e-06,9.86627093184153
1085,-1.2871258945529783e-06,9.284124726464508
1086,-1.2884842998723719e-06,8.380823065517804
1087,-1.2898611285448564e-06,7.263370490474244
1088,-1.2912651838129954e-06,6.351233193978266
1089,-1.2926788251857622e-06,10.14276401215156
1090,-1.294060397404582e-06,9.641706077584574
1091,-1.295417060164656e-06,6.757440657985627
1092,-1.2967765312296458e-06,9.218729904132886
1093,-1.2981587507193692e-06,8.822094334776876
1094,-1.299548292541481e-06,6.772579288122152
1095,-1.3009388221177373e-06,8.342683149013615
1096,-1.302286162167224e-06,8.793959759017037
1097,-1.3036098741862229e-06,9.12911084441079
1098,-1.3049682897950013e-06,8.710959530577972
1099,-1.3063767795949966e-06,7.293450092481117
1100,-1.3077761709125435e-06,8.95041821184059
1101,-1.3091495981459804e-06,7.954676481044989
1102,-1.3105086469430795e-06,7.702237355812191
1103,-1.3118724199279133e-06,10.008680745836
1104,-1.3132456102661973e-06,8.809495624895854
1105,-1.3146312893463973e-06,8.709243818630604
1106,-1.3160026508886325e-06,6.042346889069659
1107,-1.3173300640907611e-06,5.81531437275892
1108,-1.3186549949725814e-06,11.478768532289406
1109,-1.3200010823827115e-06,10.13485550793736
1110,-1.3213366316587263e-06,5.744895848146099
1111,-1.3226783016608329e-06,6.725075965494153
1112,-1.3240008489795418e-06,7.730481911993842
1113,-1.3253103768360632e-06,9.956716647357386
1114,-1.3266440116663435e-06,9.897492732987404
1115,-1.3279885127498828e-06,9.121093317480762
1116,-1.3293097329798702e-06,6.502994384764622
1117,-1.330629448537483e-06,7.227319582962122
1118,-1.3319551295870445e-06,7.978518581698615
1119,-1.3332886174534708e-06,11.009199046830862
1120,-1.334600391320959e-06,9.525135925592057
1121,-1.3359118533006799e-06,6.39850044630882
1122,-1.3372149869917416e-06,6.425840205290327
1123,-1.3385104984178866e-06,7.024596926843878
1124,-1.339826813076549e-06,10.128847852909825
1125,-1.341135896614914e-06,10.321407054144938
1126,-1.342425137074291e-06,6.736945576186125
1127,-1.3437126389426766e-06,7.97474693828808
1128,-1.3450285439732431e-06,7.553780209373018
1129,-1.3463590716114271e-06,7.405455018278946
1130,-1.3476786995657788e-06,9.868177361345575
1131,-1.3489873501479802e-06,9.563386125593224
1132,-1.3502874773669925e-06,7.172347309058706
1133,-1.351576945080932e-06,7.085840263310842
1134,-1.3529049060368578e-06,7.674536422419417
1135,-1.3542400444783878e-06,9.580392652389241
1136,-1.3555386075595107e-06,9.524401831935835
1137,-1.3568173770765967e-06,7.737735891689059
1138,-1.3580975649052135e-06,8.112487681962119
1139,-1.359383125319547e-06,7.080503806835045
1140,-1.3606969258370222e-06,8.677545336345643
1141,-1.3619835714744501e-06,9.8666331194303
1142,-1.3632477606623552e-06,8.263365266863625
1143,-1.3645243280365139e-06,7.981871574320459
1144,-1.3658314779708453e-06,8.1923738929966
1145,-1.3671580750096507e-06,6.809958121087372
1146,-1.3684872176933905e-06,9.486929067230985
1147,-1.3697952216395246e-06,8.99653646585248
1148,-1.371076094751446e-06,7.767501418035459
1149,-1.37236233589607e-06,8.832088438759293
1150,-1.3736900730910922e-06,8.301388721567564
1151,-1.3750158253978964e-06,7.901859574072017
1152,-1.376328912249135e-06,8.088877292841794
1153,-1.3776165039873819e-06,7.7718786825447665
1154,-1.3789018143128532e-06,9.546817196922603
1155,-1.3802083124719276e-06,8.982668212706576
1156,-1.3815417089770505e-06,7.566577714349099
1157,-1.3828675333014643e-06,8.320233877063675
1158,-1.3841867491491971e-06,6.953201492851629
1159,-1.385518603425355e-06,8.714211040402416
1160,-1.3868779183628466e-06,10.420638599825415
1161,-1.3882420479827872e-06,7.2230217822169935
1162,-1.3896206452622508e-06,7.367605722767782
1163,-1.390997993415395e-06,7.7072985593323535
1164,-1.392343244235428e-06,7.636306370794923
1165,-1.393696515871746e-06,10.787486783635751
1166,-1.3950847566102165e-06,8.32566989546152
1167,-1.3964851460288258e-06,6.618894440047198
1168,-1.3978881175181764e-06,7.389120292803399
1169,-1.3992812265890246e-06,8.444801999838385
1170,-1.4006930956662783e-06,9.896360954500375
1171,-1.4021166534128035e-06,9.986980414854116
1172,-1.4035292885667204e-06,8.16621559653669
1173,-1.4049575184295077e-06,6.930645077433709
1174,-1.4064060513924691e-06,7.113084396371349
1175,-1.4078685390743646e-06,8.752908782460077
1176,-1.4093365154490166e-06,11.315350529180957
1177,-1.4107992851506462e-06,8.296258021313456
1178,-1.4122759251957244e-06,6.851532370911463
1179,-1.413751654613755e-06,8.390718809719111
1180,-1.4152369613174344e-06,7.486394730155078
1181,-1.4167411358815607e-06,9.596496598238808
1182,-1.418244319711688e-06,10.285113288447718
1183,-1.4197474652713574e-06,7.361525488707457
1184,-1.4212586073177203e-06,8.030244021100001
1185,-1.4227995936061633e-06,6.638632289689544
1186,-1.4243523932078368e-06,9.550632113068273
1187,-1.4259024059975828e-06,10.974921236866763
1188,-1.4274324176264195e-06,8.465597568303036
1189,-1.4289811168398674e-06,7.463146237730701
1190,-1.4305547389023055e-06,7.125771056112057
1191,-1.4321488188741813e-06,9.47229392188721
1192,-1.4337258129863717e-06,10.89498078253029
1193,-1.4352967030271138e-06,9.532629234837446
1194,-1.436870614092628e-06,8.458462887268299
1195,-1.4384532692170548e-06,9.12052786181835
1196,-1.4400449212429921e-06,7.679600638334734
1197,-1.4416513119864484e-06,9.651091306916959
1198,-1.4432590547382143e-06,11.075921480722455
1199,-1.444854580093472e-06,8.621146001891569
